Label,Subsection,Title,Abstract
Immigration,Politics,Religious Groups Sue Homeland Security Over Immigration Arrests,"After taking office, President Trump rescinded a policy that instructed immigration agents to steer clear of sensitive locations like churches, schools and hospitals."
Immigration,Politics,San Francisco Is Latest City to Sue Trump Over Immigration Policies,Some local officials are pushing back against the federal government’s assertion that they must help ICE with its deportation campaign.
Immigration,Politics,The Propaganda Behind Trump’s Immigration Crackdown,"A far-reaching propaganda effort on immigration is being coordinated at the highest levels inside the White House. Michael D. Shear, a White House correspondent for The New York Times, explains what its goals are."
Immigration,Politics,I.R.S. Agents Are Asked to Help With Immigration Crackdown,The request by the Department of Homeland Security could suck resources away from tax enforcement efforts.
Immigration,Politics,White House P.R. Campaign Aims to Show Trump Making Good on Immigration Promise,"The government is releasing photos and videos to promote President Trump’s immigration agenda, including footage of troops at the border and close-up shots of shackled immigrants."
Immigration,Politics,Trump Administration Sues Illinois Leaders Over Immigration Enforcement,"The suit asserts that sanctuary laws in Chicago, Cook County and Illinois have obstructed federal efforts to enforce immigration policy."
Immigration,Politics,High Immigration Arrest Figures Under Trump Come With Few Details,"Specifics of detainments have been scarce, leaving it unclear whether the criminals being targeted make up a significant share of those being captured."
Immigration,Politics,"Tennessee Lawmakers, Mirroring Trump Agenda, Pass Bills on Immigration and School Vouchers","The legislature’s Republican supermajority left little room for debate, pushing through millions of dollars and sprawling policy changes in a special session that lasted just four days."
Immigration,Politics,Trump’s Day 1 Crackdown on Immigration,"President Trump’s executive actions on immigration were the leading edge of an effort to upend the United States’ role as a sanctuary for refugees and immigrants. Zolan Kanno-Youngs, a White House correspondent for The New York Times, explains what Trump has done so far."
Immigration,Politics,Trump Administration Begins Immigration Arrests in Chicago,"The number of arrests there was uncertain. Illinois officials, including the governor, said they had not been given advance notice."
Immigration,Politics,Hegseth Promises ‘Shift’ at Pentagon and a Focus on Immigration,"“Whatever is needed at the border will be provided,” Pete Hegseth, the new defense secretary, told reporters on Monday."
Immigration,Politics,"Border, Asylum, Citizenship: Trump Kicks Off Vast Immigration Changes","More is coming, but many directives will take time to be implemented or will face political, legal or practical obstacles."
Immigration,Politics,Trump Administration Fires Immigration Court Officials as Crackdown Begins,Four immigration court officials were removed from their positions on Monday. It’s unclear who is in charge at this point.
Immigration,Politics,F.B.I. Calls D.H.S. Secretary’s Criticism ‘Deeply Irresponsible’,Secretary Kristi Noem suggested this week that F.B.I. special agents leaked details ahead of immigration arrests being conducted on the West Coast.
Immigration,Politics,Trump Administration Toughens Rules for Release of Migrant Children,A new policy requires the fingerprinting of all adults who will be living with a migrant child in the United States. Advocates for immigrants say it could fuel overcrowding in shelters.
Immigration,Politics,Vance Shocks Europe With a Message That He Has Long Promoted at Home,"The vice president’s speech in Munich, expressing support for far-right, anti-immigration parties and criticizing suppression of conservative voices, was a global extension of his core political themes."
Immigration,Politics,House Passes Bill to Crack Down on Migrants Fleeing the Police Near the Border,The legislation would increase penalties for citizens and allow anyone who is not a citizen to be deported for evading arrest or detention while driving a vehicle within 100 miles of the border.
Immigration,Politics,Here Are the Names of 53 Migrants Taken to Guantánamo Bay,"The Times has obtained a list of the names of the men, whom the U.S. government has described as Venezuelan citizens under final deportation orders."
Immigration,Politics,Justice Dept. Accuses New York of Favoring ‘Illegal Aliens’ Over U.S. Citizens,"The attorney general sued the state, citing a law allowing New Yorkers to get a driver’s license regardless of legal status. Gov. Kathy Hochul’s office made clear that it supported “deporting violent criminals.”"
Immigration,Politics,Fourth Federal Judge Blocks Trump’s Birthright Citizenship Order,"Federal judges in Maryland, Washington State and New Hampshire have already issued similar injunctions to stop the executive order from being enacted."
Immigration,Politics,"Trump Wants Sheriffs to Aid Deportation Efforts, but Who Would Pay?","The Trump administration is counting on the nation’s sheriffs to assist in enforcing its immigration policies, but holding undocumented immigrants in local jails comes with a price tag."
Immigration,Politics,U.S. Deports Migrants From Asia to Panama,"The move could herald a new front in the Trump administration’s plans for mass deportations, one that allows for more rapid removal of migrants whose home countries are reluctant to accept them."
Immigration,Politics,Court Blocks U.S. From Sending 3 Venezuelan Migrants to Guantánamo,"The men, who are detained in New Mexico, say they “fit the profile” of the type of migrants the Trump administration has started sending to the Navy base in Cuba."
Immigration,Politics,Groups Sue Over Trump’s Pause on Refugee Admissions,The lawsuit by advocacy organizations aims to bring back the resettlement of refugees in the United States after President Trump halted the program.
Immigration,Politics,Fiery Directives Under Trump’s Justice Dept. Signal a Significant Shift,"The new tone of the department, current and former officials say, appears to promise a campaign of intimidation against career employees viewed as insufficiently loyal."
Immigration,Politics,A Tent City Is Rising at Guantánamo Bay,These are the first independent images to emerge from the migrant operation that the Trump administration has begun at the Navy base.
Immigration,Politics,"Newsom Signs Bills to Fight Trump, Including Legal Aid for Immigrants","Gov. Gavin Newsom, a Democrat, has been balancing a desire to push back on Republican policies with a need to cooperate in seeking federal disaster aid."
Immigration,Politics,"The Senate G.O.P. unveils its own budget plan, teeing up a fight with the House.",House Republicans have been toiling unsuccessfully to reach agreement on a fiscal blueprint. Their Senate colleagues are leapfrogging ahead.
Immigration,Politics,U.S. Is Holding Migrants in Cells That Once Held Al Qaeda Suspects,The Trump administration said the 10 men who were sent to a prison on the base at Guantánamo Bay are affiliated with gangs.
Immigration,Politics,Justice Dept. to Investigate Local Officials Who Obstruct Immigration Enforcement,A memo asserts that state and local officials are bound to cooperate and could face criminal prosecution or civil penalties if they fail to comply.
Immigration,Politics,See Where Trump Is Expanding Immigrant Detention at Guantánamo,Documents and satellite imagery show how much buildup is underway at the military site.
Immigration,Politics,"Ahead of Day 1, Trump’s Team Works to Temper Expectations on Immigration",The president-elect’s immigration advisers have warned Republicans that it will take time and money from Congress to carry out the mass deportation effort he has promised to execute immediately.
Immigration,Politics,Trump Says He Would Jail Americans in El Salvador ‘in a Heartbeat’,"The proposal is almost certainly illegal, experts said, but President Trump’s eagerness to entertain it showed his willingness to embrace extreme measures to demonstrate he is tough on crime."
Immigration,Politics,U.S. Begins Flying Migrants to Guantánamo,The decision to send migrants from the United States to Guantánamo Bay is a change in how the country handles people it deports.
Immigration,Politics,Defense Secretary Vows to Use Thousands of Active-Duty Troops to Secure Border,"Defense Secretary Pete Hegseth and Thomas D. Homan, President Trump’s border czar, toured areas near Mexico."
Immigration,Politics,A.C.L.U. Sues to Stop Trump’s Closure of Border to Asylum Seekers,The lawsuit argues that Mr. Trump’s executive order limiting asylum access violates U.S. law.
Immigration,Politics,El Salvador’s President Offers to Accept Criminals From U.S. for a Fee,"Secretary of State Marco Rubio praised President Nayib Bukele’s “unprecedented, extraordinary” proposal to accept any convicted criminal deported by the United States."
Immigration,Politics,What Does Trump Really Want From Canada and Mexico?,President Trump’s demands on the United States’ neighbors are difficult to measure. That allows him to declare victory when he sees fit.
Immigration,Politics,"Trump Starts Immigration Crackdown, Enlisting the Military and Testing the Law",The president’s Day 1 actions included directives that fly in the face of legal limits on involving the military in domestic operations and the constitutional guarantee of birthright citizenship.
Immigration,Politics,Guantánamo Bay Prepares for President Trump’s Migrant Surge,About 300 servicemembers have arrived in recent days as the base faces its most drastic changes since the Pentagon opened a prison there after the Sept. 11 attacks.
Immigration,Politics,Trump Administration Moves to End Protections for Venezuelans in the U.S.,"The decision to terminate Temporary Protected Status for more than 300,000 people signals that President Trump will continue to dismantle a program that aims to protect migrants from potentially dangerous countries."
Immigration,Politics,Trump Tariffs Threaten to Upend Global Economic Order,The invoking of national security to unravel trade agreements could scramble the international trading system in China’s favor.
Immigration,Politics,"Rubio Heads to Panama, With Canal in His Sights","On his first trip as secretary of state, Marco Rubio will also visit four other Latin American countries and press immigration issues."
Immigration,Politics,Trump’s Tariffs Would Reverse Decades of Integration Between U.S. and Mexico,"Ties between the United States and Mexico have deepened over 30 years of free trade, creating both benefits and irritants."
Immigration,Politics,"Trump Signs Orders Imposing Tariffs on Canada, Mexico and China","The president signed executive orders placing tariffs on Canada, Mexico and China that were set to take effect on Tuesday, a move that could lead to a new era of global tensions."
Immigration,Politics,U.S. Military Planes Deliver Deportees to Honduras,President Xiomara Castro previously warned that she could oust the American military from Honduras if President Trump pursued aggressive deportations.
Immigration,Politics,"After Fleeing Violence in Guatemala, Their Child Was Killed in a U.S. School","A week after a 16-year-old was shot at her high school in Nashville, her parents made the wrenching decision to send her body back to Guatemala."
Immigration,Politics,How a New Law Makes Deportations Easier,"The Laken Riley Act is the first law President Trump has signed since coming into office. Zolan Kanno-Youngs, a New York Times White House correspondent, explains how it will make deportations easier."
Immigration,Politics,High Inflation Sows Debate About New Fed Playbook for Tariffs,Fresh tariffs amid high inflation are making the Fed’s job uniquely difficult and feeding uncertainty about what to expect for interest rates this year.
Immigration,Politics,Trump Says U.S. Will Hold Migrants at Guantánamo,"The president suggested 30,000 migrants could be housed on the base. It is unclear how the plan will take shape."
Immigration,Politics,Trump Signs Bill Easing Deportation of Immigrants Accused of Crimes,"The legislation, known as the Laken Riley Act, is the first to be signed by the president in his new term, and shows how the politics of immigration have shifted."
Immigration,Politics,"Far From Colombia, Trump’s Measures Caused Chaos at Airports",The Trump administration had added extra inspections for passengers from Colombia as part of a pressure campaign. The effects lingered into Wednesday.
Immigration,Politics,Pentagon Allows ICE to Use Colorado Military Base to Detain Migrants,"The decision to allow law enforcement officers to use facilities at Buckley Space Force Base in Aurora, Colo., plunges the U.S. military deeper into President Trump’s order to secure the southwestern border."
Immigration,Politics,Trump Officials Revoke Biden’s Extension of Protections for Venezuelans,"The Biden administration had extended protections for more than 600,000 Venezuelans. The cancellation of the extension could open them up to deportation in the coming months."
Immigration,Politics,"Across Justice Dept., Fear, Anxiety and Angry Bosses","At the department’s headquarters in downtown Washington, lawyers described the uncertainty that has rippled across the agency."
Immigration,Politics,World Bank Warns Colombian Staff Against U.S. Travel After Trump Visa Edict,Several Colombians whose visas were revoked were World Bank employees traveling in the United States at the time. They were deported.
Immigration,Politics,Crackdown Bill Exposes Democratic Rift on Immigration as Trump Takes Power,"A G.O.P. measure to deport immigrants accused of minor crimes has spotlighted a divide among Democrats over how to position themselves on immigration, with some already shifting to the right."
Immigration,Politics,Denmark and Other Nations Under Pressure Seek Lobbyists With Trump Ties,The president’s confrontational foreign policy has created opportunity for his allies on K Street who are willing to take on clients he has targeted.
Immigration,Politics,Is Trump’s Plan to End Birthright Citizenship ‘Dred Scott II’?,The 14th Amendment overturned the 1857 decision that denied citizenship to Black people. Scholars say President Trump’s proposal betrays that history.
Immigration,Politics,Vance Offers Fierce Endorsement of Trump’s First Week,"In his first television interview as vice president, JD Vance defended President Trump on a variety of policies, including some he had previously second-guessed."
Immigration,Politics,Kristi Noem Is Confirmed as Homeland Security Secretary,The former South Dakota governor now leads the agency that runs the nation’s immigration system.
Immigration,Politics,"Trump Officials Pause Programs to Let In Immigrants, Including Ukrainians",The pause on several initiatives that allowed immigrants to enter the country temporarily will block the entrance of people fleeing some of the most unstable and desperate places in the world.
Immigration,Politics,U.S. Military Planes Carrying Migrants Land in Guatemala,The Department of Defense said this week that it would provide planes for deportation flights.
Immigration,Politics,Trump Leaves Democrats Dazed and on the Defensive,"Locked out of power in Washington, the party is struggling to agree on a unified message of opposition. Some of its lawmakers are even telling Republicans they want to work together."
Immigration,Politics,Trump Officials Move to Quickly Expel Migrants Biden Allowed In Temporarily,A memo appears to allow Immigration and Customs Enforcement officials to target programs that let in more than a million people.
Immigration,Politics,How Trump Could Justify His Immigration Crackdown,"President-elect Donald Trump is likely to justify his plans to seal off the border with Mexico by citing a public health emergency from immigrants bringing disease into the United States. Now he just has to find one. New York Times White House Correspondent, Zolan Kanno-Youngs, explains."
Immigration,Politics,Congress Clears Measure to Deport Immigrants Accused of Crimes,"Final approval by the House sent the legislation, which requires the detention and deportation of unauthorized migrants charged with crimes, to President Trump’s desk."
Citizenship,Politics,I d make it harder to get British citizenship says Badenoch,Conservative leader says people shouldn able apply citizenship least years
Citizenship,Politics,Trump s administration has already been sued over these executive orders,President Donald Trump executive orders involving DOGE birthright citizenship among those targeted lawsuits
Citizenship,Politics,Maryland federal judge blocks Trump s birthright citizenship order,preliminary injunction blocks President Trump efforts birthright citizenship White House expected appeal
Citizenship,Politics,U S judge temporarily blocks Trump s birthright citizenship order,ruling bars agencies from implementing order birthright citizenship children born migrants temporarily without legal status while case under review
Citizenship,Politics,UK should consider letting IS members return terror watchdog says,Jonathan Hall says those return could prosecuted here over what they jihadist group
Citizenship,Politics,Trump to make historic move towards revoking birthright citizenship,Trump wants reinterpret phrasing Amendment mean that federal government would recognize automatic birthright citizenship children born parents without legal status
Citizenship,Politics,Democratic AGs sue over Trump s order to end birthright citizenship,group state attorneys general signed lawsuit filed Tuesday seeking block administration move describing unconstitutional
Citizenship,Politics,Federal judge will block Trump s blatantly unconstitutional executive order to revoke birthright citizenship,federal judge Seattle temporarily halted President Donald Trump executive order denying automatic citizenship people born soil
Citizenship,Politics,states sued to block Trump s push to end birthright citizenship which could impact hundreds of thousands of children each year,states sued block Trump executive order ending birthright citizenship which could impact many children each year
Citizenship,Politics,Trump wants to end birthright citizenship That s easier said than done,Trump executive orders moves birthright citizenship right enshrined Constitution Here what need know about legal principle possible future
Citizenship,Politics,Dreading Trump Here s How to Turn Fear Into Fuel for Local Action,adds power character citizenship
Citizenship,Politics,Federal Judge Temporarily Blocks Trump s Executive Order Ending Birthright Citizenship,federal judge temporarily blocked President Trump executive order ending constitutional guarantee birthright citizenship
Citizenship,Politics,A federal judge temporarily blocks Trump s executive order redefining birthright citizenship,federal judge Thursday temporarily blocked President Donald Trump executive order redefining birthright citizenship calling blatantly
Citizenship,Politics,Trump to declare national emergency at US Mexico border in flurry of day one orders,incoming president plans sign many executive orders administration begins
Citizenship,Politics,A Clear Eyed Look At How Trump Tried To Change Immigration This Week,With Birthright Citizenship Trump Testing Push Courts
Citizenship,Politics,What to Know About Trump s Order on Birthright Citizenship and the Legal Battle Around It,Here guide what birthright citizenship what happens Trump order ends what comes next after lawsuits were filed
Citizenship,Politics,As Trump throws immigration into uncertainty parents grapple potential statelessness,Five undocumented pregnant women President Donald Trump over birthright citizenship executive order
Citizenship,Politics,Trump rescinds Biden s census order clearing a path to reshape election maps,President Trump revoked Biden executive order that affirmed longstanding practice including total number persons residing each state census count used election maps
Citizenship,Politics,Judge issues nd preliminary injunction against Trump birthright citizenship order,federal judge Seattle issued nationwide preliminary injunction against President Donald Trump executive order birthright citizenship
Citizenship,Politics,Judge to consider future of Trump s order blocking birthright citizenship,federal judge Maryland consider whether President Trump will able redefine birthright citizenship stated Fourteenth Amendment
Citizenship,Politics,Birthright Citizenship Is a Sacred Guarantee,attack violation nation post Civil rebirth
Citizenship,Politics,states challenge Trump s executive order cutting birthright citizenship,President Trump birthright citizenship flagrantly unlawful attorneys states said lawsuit challenging president executive order
Citizenship,Politics,Trump s order seeking to block birthright citizenship to face next legal hurdle,President Trump executive order seeking birthright citizenship will face next legal hurdle this week when three separate judges hold hearings issue
Citizenship,Politics,hostages are expected to be released by Hamas as part of a ceasefire with Israel,There women children list released from Gaza citizens Israel free hundreds prisoners exchange them
Citizenship,Politics,Trump s Justice Department is looking to crack down on local authorities that won t play ball on immigration,Acting Deputy Attorney General Emil Bove said that local laws that match Trump immigration plans threaten national security
Citizenship,Politics,Despite Trump s win election integrity activists still seek sweeping voting changes,Republican voters they trust election administered well Trump conservatives pushing some sweeping reforms voting systems
Citizenship,Politics,Johnson UK s most damaging PM says Reform UK chief,Yusuf tells Political Thinking podcast Johnson would welcome join Reform
Citizenship,Politics,Trump is back and ready to change America,Donald Trump returns Washington newly empowered Republican party remade itself image Supreme Court granted sweeping immunity official actions unlike last time narrowly popular vote
Citizenship,Politics,All the executive orders Trump has signed after week in office,President Trump signed slew orders during first week office impacting policy immigration environment federal diversity programs more
Citizenship,Politics,Meet War Bag the foot Marine who beat the odds at boot camp,This foot immigrant from Philippines survived Marine Corps week boot camp
Citizenship,Politics,Trump s attempt to end birthright citizenship would overturn more than a century of precedent,President Donald Trump said since first administration that wants birthright citizenship constitutional right everyone born
Citizenship,Politics,Homeland Security s workforce might not be as big as Trump s immigration goals,Changes hiring retention practices grew department people four years former officials warn that still enough Trump ambitious policy goals
Citizenship,Politics,Trump and Musk said these bold moves were imminent Now they re stuck in the mud,Trump administration promised swift moving changes While some those plans have progressed many were almost immediately hold
Citizenship,Politics,Macron s PM calls for talks on what it means to be French amid citizenship debate,None
Citizenship,Politics,All of the Day executive actions Trump has announced so far,Trump expected sign slew actions relating immigration other issues
Citizenship,Politics,FBI background checks of presidential nominees explained,Confirmation hearings Cabinet members nominated President elect Trump underway conducts background checks focusing character conduct nominees What involved
Citizenship,Politics,DeSantis faces pushback by fellow Republicans on his call for an immigration session,Republican leaders state legislature they support President Trump pledge combat illegal immigration want deal with other issues identified DeSantis their schedule
Citizenship,Politics,Senate confirms Kristi Noem as Trump s Secretary of Homeland Security,Noem will charge executing President Trump biggest priorities second term cracking down immigration
Citizenship,Politics,Here s Jamie Dimon s policy advice for incoming President Trump,JPMorgan thinks immigration policy should issue Trump next term
Citizenship,Politics,Trump testing limits of presidential power but experts say his flex might not stick,Legal experts tell News that sheer number presidential executive orders unprecedented whether they will stick guaranteed
Citizenship,Politics,Trump revives push to denaturalize US citizens,Trump ordered administration devote resources investigating naturalized citizens
Citizenship,Politics,Trump says he wants Egypt and Jordan to take in Palestinians from Gaza,comments will outrage Palestinians Gaza territory their ancestral home
Citizenship,Politics,The Logoff Trump attacks birthright citizenship,This story first Logoff Sign here stories like this delivered your inbox every weekday Good evening welcome first edition Logoff newsletter that gives Trump news need that
Citizenship,Politics,Illegal and Unlawful and Somehow Still Happening,former Judge tells ends losing lawsuits
Citizenship,Politics,Judge blocks Trump Musk s shutdown of USAID,Judge Carl Nichols blocked Donald Trump Elon Musk attempted USAID shutdown days after American Foreign Service Association filed lawsuit
Citizenship,Politics,What to know about Trump s immigration and border executive actions,Trump promises sign executive actions address immigration border security Some will likely spark legal battles
Citizenship,Politics,I Hate To Say It But I m Pretty Sure Of Americans Won t Be Able To Pass This Extremely Easy Citizenship Test,View Entire Post
Citizenship,Politics,Trump s cabinet pick for Homeland Security is Kristi Noem Here s what to know,confirmed Noem would lead department poised center Trump immigration policy priorities including deportation efforts visa changes border security
Citizenship,Politics,Bishop Mariann Budde tells NPR I won t apologize for sermon addressing Trump,Episcopal bishop Washington spoke with discuss sermon addressing President Trump asked have mercy
Citizenship,Politics,A U S dual citizen is among Israeli hostages exchanged for Palestinian prisoners,Siegel first American released part this deal total hostages have been released since ceasefire took effect Hundreds Palestinians have been released
Citizenship,Politics,Census Bureau Director Robert Santos is resigning making way for Trump s pick,Census Bureau Director Robert Santos resigning giving President Trump early opportunity nominate appointee lead bureau during preparations census
Citizenship,Politics,Can Trump End Birthright Citizenship ACLU Sues to Block Unconstitutional Order,Trump order seeking disqualify immigrant babies from citizenship strikes blow against constitutional bedrock ACLU claims
Citizenship,Politics,Could US criminals be sent to El Salvador s mega jail,Salvador offered take criminals deported from house them mega jail
Citizenship,Politics,US judge blocks Trump s order restricting birthright citizenship,Trump order targets constitutional right automatically granting citizenship anyone born country
Citizenship,Politics,Which countries other than the US offer birthright citizenship,least countries mostly Americas provide automatic citizenship anyone born within their borders
Citizenship,Politics,First raft of lawsuits target US birthright citizenship other Trump orders,Donald Trump signs record executive orders second term first including effort restrict citizenship
Citizenship,Politics,The Pregnant Immigrants Fighting Trump s Bid to End Birthright Citizenship,Trump hopes birthright citizenship executive order lawsuits filed across country immigrants seek stop post Pregnant Immigrants Fighting Trump Birthright Citizenship appeared first Intercept
Citizenship,Politics,Trump scraps birthright citizenship Who will it affect,Trump supporters programme been misused several Democrat states file legal challenge
Citizenship,Politics,Trump latest JFK killing files released birthright citizenship bar halted,also delve into latest from Davos cryptocurrency other executive orders
Citizenship,Politics,Trump s record breaking executive actions on Day already being challenged,President Donald Trump shattered record most executive orders signed first office
Citizenship,Politics,Everyone Who Has Ever Been to Space Charted,Space traveler demographics have shifted over time
Citizenship,Politics,WATCH Ceasefire allows Palestinians to return to homes often reduced to rubble,After months current ceasefire Gaza allowing some Palestinians return homes that have often been reduced rubble with family members buried beneath
Citizenship,Politics,WATCH Otters show off basketball skills,Rescued otters Oregon Portland showed their ability shoot hoops part enrichment program
Citizenship,Politics,Hostage release details revealed in the Israel Hamas ceasefire deal,President Biden released statement following Israel Hamas ceasefire announcement Wednesday saying release American hostages will included agreement
Citizenship,Politics,WATCH Houston zoo animals play in the snow,Some animals enjoying rare Texas snowfall including Asian elephant capybaras otters lions Lisa leopard
Citizenship,Politics,WATCH Man found carrying gun inside US Capitol ABC Exclusive,Massachusetts found carrying after attending tour Capitol police officials told News Thursday
Citizenship,Politics,With the stroke of the pen Trump tries to remake America ANALYSIS,With half country firmly behind blessing America tech billionaires President Donald moving breakneck pace remake America
Citizenship,Politics,Roman Abramovich could owe UK bn over tax dodge that helped bankroll Chelsea FC,Scheme avoid offshore billions have been botched because money managed from learns
Citizenship,Politics,Woman gets more than year prison term for helping pregnant Chinese women get to US,California woman sentenced Monday more than years prison long running case over business that helped pregnant Chinese women travel
Citizenship,Politics,Census Bureau director resigns edition,Census Bureau director Robert Santos announced resignation Thursday Santos nationally recognized statistician first Latino head bureau joined federal governm
Citizenship,Politics,What to know about the Israel and Hamas Gaza ceasefire and hostage release talks,basic framework officials familiar with talks exchange Israeli hostages Palestinian prisoners week ceasefire Mediators applying pressure parties
Citizenship,Politics,Trump promised dozens of actions on immigration on Day Here s what we know,Trump campaigned border security promises allies argue that electoral endorsement upcoming actions issue
Citizenship,Politics,Trump s mass deportation plan could drain more than billion a year from Social Security,President Donald Trump mass deportation plans could have significant economic side effect draining Social Security funding
Citizenship,Politics,Lawyers see increase in people cutting ties with US,Lawyers increase people cutting ties with Third column story link Related stories Applying Canadian citizenship Drudge Report Feed needs your support Become Patron
Citizenship,Politics,The one big question looming over Trump s power grabs,Much what Donald Trump done first eight days back White House legally unjustifiable What uncertain whether Supreme Court will anything stop particularly egregious cases Trump ordered birthright
Citizenship,Politics,Another DOGE Staffer Resigns After Secret Racist X Posts Revealed,Another DOGE Staffer Resigns After Secret Racist Posts Revealed First column story link Related stories DOGE Teen Owns Tesla Sexy Worked Startup That Hired Convicted Hackers Cheney Swipes Elon Citizenshi
Citizenship,Politics,Trump s attempt to overturn birthright citizenship uses century old Native American case,Indigenous people worried President Donald Trump attempt birthright citizenship constitutional right using century case that denied citizenship Native American
Citizenship,Politics,Trump s Extreme Birthright Citizenship Order Shut Down in Court Again,Another federal judge blocked Trump brutal attack birthright citizenship Wednesday District Judge Deborah Boardman filed preliminary injunction against Trump executive order which promise signed into action first
Citizenship,Politics,Randy Weber Explains GOP Bill To End Birthright Citizenship For Children Born In U S To Non Citizens,Forbes Newsroom Randy Weber discussed Republicans Birthright Citizenship which would interpretation Amendment that says children born within United States citizens granted automatic citizenship
Citizenship,Politics,Trump s A G Pick Adds Huge Asterisk to Birthright Citizenship,Bondi Donald Trump nominee next attorney general refused give basic answer during confirmation hearing Wednesday regarding views birthright citizenship which etched into Fourteenth Amendment Cons
Citizenship,Politics,Trump is about to be sworn in Here are all the changes he has promised to make on Day One,Like predecessors Trump little first Inauguration Eight years later Trump promised full executive orders
Citizenship,Politics,Trump s Assault on Birthright Citizenship Keeps Getting More Psychotic,Trump administration embracing dark loophole justify executive attempts dismantle birthright citizenship Donald Trump Justice Department cited archaic statute legal filing Wednesday arguing that president executive orde
Citizenship,Politics,Trump s Assault on Birthright Citizenship Keeps Getting More Psychotic,Trump administration embracing dark loophole justify executive attempts dismantle birthright citizenship Donald Trump Justice Department cited archaic statute legal filing Wednesday arguing that president executive orde
Citizenship,Politics,Surviving Al Fayed brother accused of sexual assaults,Three women worked Harrods Fayed assaulted them denies claims
Citizenship,Politics,Trump Sued After Kicking Off Constitutional Crisis on Citizenship,Donald Trump executive order taking birthright citizenship already facing several lawsuits Monday night Trump with lawsuits federal court both Hampshire Massachusetts with state Washington filing another lawsu
Citizenship,Politics,Key actions from Trump s first day in office And insights from the inaugural speech,After President Trump sworn into second term yesterday kept many promises implemented orders also undone several predecessor actions Here breakdown
Citizenship,Politics,The prospect of immigration agents entering schools is sending shockwaves among communities,President Trump decades policy that prevented agents from arresting migrants without legal status sensitive places such schools Most districts drawing line sand
Citizenship,Politics,The economics and innovation behind modern warfare,this Sunday edition Business Insider Today showing cover business military defense
Citizenship,Politics,Trump s Birthright Citizenship Order Indefinitely Halted By Federal Judge,Wednesday injunction second issued against executive order attempting practice birthright citizenship
Citizenship,Politics,Olympic history maker Ngamba to turn professional,Olympic medal winner Cindy Ngamba will make professional debut boxing March
Citizenship,Politics,Mayor Adams office disputes Council claim he had no plan for Trump immigration actions,Council Speaker Adrienne Adams said city prepared Trump Council Speaker Adrienne Adams also urged mayor office join fight against president order birthright citizenship more
Citizenship,Politics,The Conference Board s Surprising Outlook On Corporate Citizenship,Conference Board reports majority surveyed corporate citizenship philanthropy leaders anticipate tangible changes their resources budgets
Citizenship,Politics,A Weekend Reading List,Read about secretive world extreme fishing approaches aging more
Citizenship,Politics,Here Are All The Major Lawsuits Against Trump And Musk Including Over USAID,Judges ruled Thursday alone extend blocks Trump birthright citizenship limit Elon Musk access Treasury documents pause deadline federal employee buyouts
Citizenship,Politics,Here Are All The Major Lawsuits Against Trump And Elon Musk s DOGE,Judges ruled Thursday alone extend blocks Trump birthright citizenship limit Elon Musk access Treasury documents pause deadline federal employee buyouts
Citizenship,Politics,Here Are All The Major Lawsuits Against Trump And Musk As DOJ Agrees To Not Publicly Name FBI Agents Who Probed Jan Riots,Judges ruled Thursday alone extend blocks Trump birthright citizenship limit Elon Musk access Treasury documents pause deadline federal employee buyouts
Citizenship,Politics,JD Vance Suggests Judges Aren t Allowed To Control Trump After Courts Block His Policies,slew court rulings recent weeks have hampered Trump administration moves issues like birthright citizenship shutting down USAID
Citizenship,Politics,Bitcoin s coming boom Trump s stock and meme coin sink and Netflix hits Markets news roundup,Christopher McMahon Aquinas Wealth Advisors author Faithful Finances spoke with Quartz latest installment Smart Investing video series Read more
Citizenship,Politics,Forbes Daily Jamie Dimon Defends DEI Efforts Amid Trump s Crackdown,Friday Forbes Daily covers Bloomberg climate pledge judge blocks Trump birthright citizenship Oscar nominations unveiled OpenAI latest tool more
Citizenship,Politics,I don t know what to do U S asylum seekers stranded amid Trump immigration crackdown,President Donald Trump Monday kicked sweeping immigration crackdown tasking military with aiding border security issuing broad asylum taking steps restrict citizenship children born soil
Border Security,Politics,Hidden tunnel on US Mexico border to be sealed,Security been ramped both sides border ahead inauguration Donald Trump
Border Security,Politics,Tariff Uncertainty Taxes the Auto Industry,some industry uncertainty surrounding border trade almost worse than tariffs themselves tariffs through costs might passed down buyers
Border Security,Politics,Ukraine launches largest attack of war so far Kyiv claims,Officials several Russian regions some hundreds kilometres from border reported strikes overnight
Border Security,Politics,Who won and lost as Trump s trade war is delayed for now,reporters Canada Mexico assess fallout after Trump gets border promises return pause tariffs
Border Security,Politics,Trump s cabinet pick for Homeland Security is Kristi Noem Here s what to know,confirmed Noem would lead department poised center Trump immigration policy priorities including deportation efforts visa changes border security
Border Security,Politics,Trump promised dozens of actions on immigration on Day Here s what we know,Trump campaigned border security promises allies argue that electoral endorsement upcoming actions issue
Border Security,Politics,Senate confirms Kristi Noem as Trump s Secretary of Homeland Security,Noem will charge executing President Trump biggest priorities second term cracking down immigration
Border Security,Politics,Trump faces moment of reckoning on trade after delaying tariffs,president will soon have decide whether match trade rhetoric with action shelve tariff plans
Border Security,Politics,Canada can avoid tariffs by becoming a US state says Trump,president complains tremendous trade deficit with neighbour saying does need Canadian energy vehicles lumber
Border Security,Politics,Taiwan Says Government Departments Should Not Use DeepSeek Citing Security Concerns,anonymous reader shares report Taiwan digital ministry said Friday that government departments should Chinese startup DeepSeek artificial intelligence service saying that product from China represents security concern
Border Security,Politics,PM visits Ukraine to sign landmark year pact,deal seen show support Ukraine days before Donald Trump enters White House
Border Security,Politics,What to know about Trump s immigration and border executive actions,Trump promises sign executive actions address immigration border security Some will likely spark legal battles
Border Security,Politics,Migrants left in despair at the border as asylum system shuts down,provided nearly people with asylum appointments since January contributing drop illegal border crossings
Border Security,Politics,Illegal tunnel at US Mexico border dismantled by authorities,STORY Mexican authorities discovered madesmuggling tunnel connecting Ciudad Juarez Paso Texas January Ciudad Juarez
Border Security,Politics,Trump s immigration orders are a blueprint for sweeping policy changes,President Trump began immigration crackdown with flurry executive orders Immigration experts they hopes transform enforcement southern border beyond
Border Security,Politics,Kristi Noem confirmed as secretary of homeland security,South Dakota Kristi Noem firebrand gained national spotlight during coronavirus pandemic confirmed Senate
Border Security,Politics,Trump s Justice Department is looking to crack down on local authorities that won t play ball on immigration,Acting Deputy Attorney General Emil Bove said that local laws that match Trump immigration plans threaten national security
Border Security,Politics,With House GOP stuck Senate pushes ahead with its plan to fund Trump s agenda,Senate Budget chair Graham wants plow forward funding package that bundles border security defense spending House continues struggle with plan
Border Security,Politics,Monthly border encounters decrease to lowest daily average since July,Daily encounters December along southwest border were lowest average since July according Department Homeland Security
Border Security,Politics,Trump Wants a War With Cartels and May Just Get One,executive order designating cartels terrorist organizations will expand prosecutors jurisdictions affect relations with Mexico risk blowback which unprepared
Border Security,Politics,Homeland Security s workforce might not be as big as Trump s immigration goals,Changes hiring retention practices grew department people four years former officials warn that still enough Trump ambitious policy goals
Border Security,Politics,All of the Day executive actions Trump has announced so far,Trump expected sign slew actions relating immigration other issues
Border Security,Politics,I almost lost my Global Entry status over a mistake anyone could easily make,easy make airport mistake involving fruit Customs Border Protection almost cost money made lose Global Entry status
Border Security,Politics,Trump reinforces use of his Remain in Mexico policy,policy which created implemented during first Trump administration resulted tens thousands migrants waiting extended periods Mexico
Border Security,Politics,Here s Jamie Dimon s policy advice for incoming President Trump,JPMorgan thinks immigration policy should issue Trump next term
Border Security,Politics,DHS could request up to troops for the border internal memo shows,could request troops help with efforts along Mexico border according internal Border Patrol memo obtained News
Border Security,Politics,Thailand Cuts Internet and Power Supply To Some Areas in Myanmar in Blow To Scam Centers,Thailand power supply fuel internet some border areas with Myanmar Wednesday attempt choke scam syndicates operating there that have become growing security concern Reuters Scam compounds Southeast Asia suspected
Border Security,Politics,Trump s mass deportation plan could drain more than billion a year from Social Security,President Donald Trump mass deportation plans could have significant economic side effect draining Social Security funding
Border Security,Politics,Trump got what he wanted with the Canada and Mexico tariff pauses even if he didn t get that much,Trump slapped tariffs Canadian Mexican imports pressure them crack down illegal immigration fentanyl They caved
Border Security,Politics,Winds threaten the containment of wildfires And DHS chief reflects on his career,Santa winds expected pick back threatening containment Southern California wildfires Homeland Security Secretary Alejandro Mayorkas reflects career
Border Security,Politics,Trump s border czar If you re in the country illegally you got a problem,According Trump border czar Homan every undocumented immigrant should worry they could arrested time even they have criminal record
Border Security,Politics,Has Trump promised too much on US economy,election inflation Trump find pledges prices tariffs both experts
Border Security,Politics,Wooing Chinese tourists Thai leader says she has Chinese blood in her,Thailand prime minister seeking allay security concerns among Chinese tourists visiting Thailand said Chinese blood that
Border Security,Politics,Trump s Tariffs on Canada Mexico and China Could Mean Higher Inflation and Economic Disruption,Trump honoring promises made White House campaign that core economic national security philosophy
Border Security,Politics,Trump wants to label drug cartels terrorist organizations Here s what that means in practice,full implications designating cartels terrorist organizations will depend large part administration follows through
Border Security,Politics,ACLU sues Trump administration over asylum ban,lawsuit alleges Trump actions against protections provided Congress backed courts
Border Security,Politics,Trump administration strips schools churches of immigration enforcement protections,memo rescinds Biden administration guideline that created protected areas consisting places where children gather disaster emergency relief sites social services establishments
Border Security,Politics,US military s mission on border moving quickly,military mission border moving quickly White House Pentagon making priority publicize news about mission
Border Security,Politics,Trump border wall is on New Mexico ranchers wish list,Mexico couple hopes Trump administration makes good promise completing construction border wall
Border Security,Politics,Germany says Russian shadow ship stuck in Baltic Sea,Germany foreign minister accused Moscow deploying fleet rusty tankers avoid sanctions
Border Security,Politics,Trump border czar tells ABC military planes will deport migrants every day,Homan spoke with Martha Raddatz This Week
Border Security,Politics,Woman arrested in fatal shooting of US Border Patrol agent,arrest made shooting Border Patrol agent shot during traffic stop Vermont according
Border Security,Politics,A long long road ahead Gaza rebuilds from zero,full scale humanitarian challenge ahead emerging displaced Palestinians return home writes Paul Adams
Border Security,Politics,US coal and gas among targets of China s retaliatory tariffs,Beijing also adding companies blacklist says will investigate Google
Border Security,Politics,DHS Secretary Kristi Noem joins immigration enforcement operations in NYC,Kristi Noem joined operations just days after confirmed Senate lead Department Homeland Security
Border Security,Politics,Ukraine says it blew up a warehouse full of Russian recon drones with a homemade rework of a Neptune anti ship missile,Russian forces have used reconnaissance drones support their deep strike operations Ukraine This been major headache Kyiv
Border Security,Politics,Trump border czar says he s realistic mass deportation plan depends on Congress,Homan spoke with Martha Raddatz This Week
Border Security,Politics,things to know about the fighting in the Democratic Republic of Congo,Rwandan backed rebels they control eastern Congolese city Goma Their fighters continue claim more territory world most mineral rich territories
Border Security,Politics,I d make it harder to get British citizenship says Badenoch,Conservative leader says people shouldn able apply citizenship least years
Border Security,Politics,What are the challenges facing the government s AI action plan,Keir Starmer unveiled proposals which says will make great superpowers
Border Security,Politics,A Quieter Border Didn t Serve Trump s Needs,president would rather exploit free than manage migrant flows effectively
Border Security,Politics,International peacekeepers killed as fighting rages around eastern Congo s key city,Fighting with rebels eastern Congo left least peacekeepers foreign soldiers dead made significant territorial gains recent weeks encircling eastern city Goma
Border Security,Politics,Israel has changed since Donald Trump s last term has he,this time hard choices Middle East president elect will have much think about when enters White House
Border Security,Politics,Starmer first PM to join EU leaders meeting since Brexit,trip part what calls reset between European Union
Border Security,Politics,Post inauguration ICE raids starting as soon as Tuesday Sources,part President elect Donald Trump deportation plans will carry raids starting Tuesday sources briefed plans told News
Border Security,Politics,Trump orders end of humanitarian parole for migrants of four countries,Under Biden administration migrants from embattled countries could apply entry humanitarian reasons without having attempt cross into illegally
Border Security,Politics,Trump s deportation plans could raise the price of your retirement,President Donald Trump mass deportation plans could make harder older Americans access healthcare increase some their costs
Border Security,Politics,Trump says U S will send worst criminal illegal aliens to Guant namo Bay,president says criminal migrants deported from United States could housed facility Cuba wasn immediately clear plan would implemented
Border Security,Politics,What to Know About Security Measures at the Super Bowl in New Orleans,After Year terror attack struck Orleans historic French Quarter city officials they confident security plans they have place Sunday Super Bowl
Border Security,Politics,Trump supporters welcome the first steps in his immigration crackdown,President Trump kicked second term with dramatic crackdown immigration Critics call those moves cruel unnecessary many Trump supporters applauding these early steps
Border Security,Politics,Junk From Temu SHEIN Will Probably Cost You More Under Trump s New Tariffs,with everything moment there confusion
Border Security,Politics,Trump s White House says deportation flights are underway posting pictures of people being loaded into US Air Force C s,Pentagon signaled earlier this week that Force could used deportation flights That happening
Border Security,Politics,Breaking Down All of Trump s Day Presidential Actions,Trump issued executive orders memoranda proclamations first back Oval Office Here what know
Border Security,Politics,Trump says he could send US special operators after Mexican drug cartels It could make things a lot worse,There potential role special operations forces combating cartels getting this wrong could create more problems
Border Security,Politics,One Tiny iPhone Feature Shows Apple s Big Plans For Your Smart Home,Apple preparing release wave home technology Here getting ready
Border Security,Politics,WATCH Video shows attack on priest during prayer service in Washington,priest attacked during prayer service Spokane Washington Security video shows suspect leaving charging toward altar punch priest
Border Security,Politics,Trump signs first bill of his second presidency the Laken Riley Act into law,bill named Georgia nursing student killed last year Venezuelan without legal status criminal record
Border Security,Politics,GOP member wants bishop added to deportation list after Trump prayer service,Mike Collins heavily criticized statements made Right Mariann Budde Tuesday inaugural prayer service held President
Border Security,Politics,MAGA Senator Floats Crazy Plan for Pirates to Fight Cartels and Take a Cut,Mike thinks should turn state sponsored piracy take Mexican drug cartels Utah Republican explained made case using
Border Security,Politics,How does fentanyl get into the US,President Trump blamed China opioid crisis imposed sweeping tariffs
Border Security,Politics,He Was Horrifying in Trump s First Term He s About to Get Even Worse,broad latitude what wants
Border Security,Politics,Trump s Early Actions Mirror Project the Blueprint He Once Dismissed,TIME analysis found that nearly thirds executive actions Trump issued mirror partially mirror proposals from Project
Border Security,Politics,China Announces Counter Tariffs Against U S,Chinese government also announced anti trust investigation into Google after Trump tariff China went into effect
Border Security,Politics,Caring Deeply About National Security Is Not the Same as Being Good at It,Some Trump cabinet picks sincere their beliefs That doesn make them these roles
Border Security,Politics,Trump threatens tariffs as Colombia blocks repatriation flights,President Donald Trump posted threats against Colombia social media platform Sunday after military repatriation flights were prevented from landing
Border Security,Politics,Woman charged in the fatal shooting of a Border Patrol agent in Vermont to appear in federal court,Washington state woman charged fatal shooting Border Patrol agent Vermont which happened days after authorities began watching
Border Security,Politics,OnlyFans Star Lily Phillips Plan to Screw K Dudes Derailed by U S Border Security,OnlyFans star Lily Phillips rethinking plan screw dudes hours telling Customs Border Protection recently threw wrench ambitious sexcapade Lily tells detained Vegas airport last
Border Security,Politics,US military troops come in active duty Guard and reserve forces Here s what each one does,military forces home abroad different types troops rules each confusing
Border Security,Politics,Trump said new tariffs on Canada and Mexico could arrive within days Here s what Americans should know about his trade plans,President Donald Trump said tariff Canada Mexico could come February that universal tariff table
Border Security,Politics,These are the U S citizens held hostage in Gaza,Seven nearly hostages held Gaza citizens several whom confirmed dead
Border Security,Politics,UN warning on Gaza rebuilding task as aid surges with ceasefire deal,Unrwa Gaza director says rebuilding homes infrastructure people lives will take awful time
Border Security,Politics,Emergency Powers Are About to Be Bent Beyond Recognition,Trump proposed actions would staggering abuse these statues
Border Security,Politics,Canadian fans boo US anthem as tariffs spur buy local pledge,Canadians have begun booing anthem sports games signalling depth anger steep tariffs
Border Security,Politics,How Trump s Tariffs Could Affect U S Consumers,tariffs China Canada Mexico could raise prices everything from cars homes food
Border Security,Politics,The Tariffs Were Never Real,Donald Trump does appear eager follow through biggest campaign promises
Border Security,Politics,What s in the ceasefire deal between Israel and Hamas,deal will take place three different phases each which will last weeks according Qatari officials
Border Security,Politics,Prices were a key issue in but Trump makes clear they re not his top priority,While prices economy were issues during campaign President Trump making clear that other issues most notably immigration main focus start second term
Border Security,Politics,China signals willingness to repatriate confirmed Chinese nationals from US,WASHINGTON Reuters China said Monday willing repatriate confirmed Chinese nationals from United States President Donald Trump
Border Security,Politics,Trump revives push to denaturalize US citizens,Trump ordered administration devote resources investigating naturalized citizens
Border Security,Politics,US Senate confirms Kristi Noem as homeland security secretary,Noem takes charge sprawling agency that deals with host crucial issues like immigration customs
Border Security,Politics,Polish president talks about Trump s return security and EU challenges,Andrzej Duda discusses Ukraine balancing global alliances Donald Trump comes back White House
Border Security,Politics,Casinos high rises and fraud The BBC visits a city built on scams,haven super rich city built scams invited find
Border Security,Politics,China renews threat to retaliate against US tariffs,China reiterated could take necessary countermeasures after President Donald Trump decided impose tariff China allegedly doing little stem production precursor chemicals drug fentanyl
Border Security,Politics,Border agency RCMP make arrest at Niagara border after human smuggling attempt officials say,Canadian authorities they intercepted human smuggling attempt Niagara region part larger border security effort
Border Security,Politics,A clear overreaction BMO s top strategist says investors shouldn t fear Trump s tariffs and shares the best opportunities in North American markets,Investors overreacting tariff trade drama Capital Markets says Here where invest while long term market rally continues
Border Security,Politics,Trump s administration has already been sued over these executive orders,President Donald Trump executive orders involving DOGE birthright citizenship among those targeted lawsuits
Border Security,Politics,What Lebanon s shifting political landscape means for Hezbollah,Hezbollah Lebanon most powerful political players been significantly weakened conflict with Israel
Border Security,Politics,Trump Agrees to Pause Tariffs on Mexico But Import Taxes Still in Place for Canada and China,President Donald Trump Mexican President Claudia Sheinbaum their planned tariffs hold Monday month give time further negotiations Mexico said planned deploy members national guard address drug trafficki
Border Security,Politics,Trump Shares the Founders Delusions on Canada,Attempts Canada have gone poorly since Trump rhetoric threatens repeat
Border Security,Politics,U S Aid Freeze Puts at Risk Ukraine s Wartime Help for Frontline Evacuees,American funding helps cover shelters fuel evacuation vehicles salaries workers more
DEI,Politics,Pinterest Says Its DEI Commitments Put It at Risk of Conservative Backlash,brand reputation stock price harmed goes overboard social media company said filing investors
DEI,Politics,What happened on day two of the Trump presidency,Trump team takes immigration rules deal plans purge programmes workers
DEI,Politics,Meta Kills DEI Programs,Mark Zuckerberg Meta terminating major programs effective immediately including hiring training picking suppliers Axios Meta said changing course because legal policy landscape surrounding diversity equity inclusio
DEI,Politics,What Comes After DEI,While backlash challenged many companies practitioners approach creating more equitable workplaces fewer have considered whether work itself room improve framework built around core outcomes fairness access incl
DEI,Politics,Costco s shareholders overwhelmingly reject anti DEI proposal,Costco shareholders voted overwhelmingly reject motion that would seek report risks diversity equity inclusion company hiring practices
DEI,Politics,Costco shareholders reject anti DEI proposal,Costco shareholders voted down anti proposal just days after President Trump issued sweeping rules federal agencies
DEI,Politics,Amazon To Halt Some of Its DEI Programs,Amazon said halting some diversity inclusion initiatives joining growing list major corporations that have made similar moves face increasing public legal scrutiny From report internal note staffers
DEI,Politics,Meta employees slam decision to roll back its DEI programs,Meta employees took internal forum viewed Business Insider vent disappointment anger over roll back
DEI,Politics,Target is rolling back several DEI initiatives Read the memo,Target said Friday that ending multiple diversity related programs help company remain step with evolving external landscape
DEI,Politics,The companies fighting back against Trump s war on DEI,JPMorgan Costco efforts help drive innovation success though other companies like Meta Walmart scaling back policies
DEI,Politics,As DEI dies back Sam s Club CEO says his job is to create an environment of openness,companies including Walmart walk back soften their policies Club says openness connection remain important
DEI,Politics,The list of CEOs voicing support for their companies DEI initiatives is growing,Christian Sewing Deutsche Bank latest express support company initiatives
DEI,Politics,Elise Smith Defends DEI as Good Business,recent years right leaning leaders politics tech like Donald Trump Elon Musk have attacked value diversity equity inclusion initiatives Elise Smith founder tech startup Praxis Labs learning
DEI,Politics,The FDA pulls key DEI initiative for cancer studies from its website,Food Drug Administration project promote diversity clinical studies cancer treatments removed from agency website Trump administration halts initiatives
DEI,Politics,Trump to visit disaster zones And why he says DEI programs are illegal,President Trump wants disaster relief funds political leverage says programs illegal wants investigations into military extremism
DEI,Politics,Elon Musk and Donald Trump spread disinformation as wildfires rage in the LA area,Trump blamed fires California Governor Gavin Newsom water policies while Musk said blazes spread because fire department focus diversity equity inclusion programs
DEI,Politics,Trump orders all federal DEI staffers on leave while he dismantles their departments,Federal employees roles will placed leave Wednesday according memo following President Trump executive order
DEI,Politics,US tech giants are rolling back DEI Its ripple effects could spill over to Europe,tech giants continue their rollback policies Europe tech ecosystem braces changing sentiments ripple across Atlantic
DEI,Politics,Costco s DEI programs face new scrutiny from Republican attorneys general,letter Costco Republican state attorneys general urged company policies that publicly supported
DEI,Politics,EY report doubles down on diversity initiatives as DEI comes under scrutiny in Trump s first weeks in power,Four firm published report with recommendations boost strategies Trump calls private sector ditch them
DEI,Politics,Meta CEO Mark Zuckerberg tells employees to buckle up for an intense year in a leaked all hands recording,Meta Mark Zuckerberg addresses company rollback programs community notes model leaked recording hands meeting
DEI,Politics,NAACP s top marketer tackles everything from DEI rollbacks to the organization s first foray into daytime TV,Blankson chief marketing officer NAACP leading organization storytelling advocacy campaigns during this critical moment first foray into daytime
DEI,Politics,Italy s Monte dei Paschi bids bn euros for Mediobanca,Italian bank Monte Paschi Siena said Friday that launching larger rival Mediobanca potential billion euro billion
DEI,Politics,How the Trump Administration Is Taking Its First Steps Toward Dismantling DEI,Trump administration moved affirmative action federal contracting directed that federal staff paid leave eventually laid first salvo aggressive campaign upend efforts nationwide
DEI,Politics,How a military recruitment crisis is leaving the U S vulnerable,President Trump blames shortage recruits programs Yorker writer Dexter Filkins says enough people want enlist many pass weight limit aptitude test
DEI,Politics,The Human Cost of Trump Firing All Federal DEI Workers,Professor Shaun Harper explains President Donald Trump decision eliminate federal related jobs negatively impacts workers
DEI,Politics,Trump s missing the point on DEI and meritocracy experts say,Experts field anti discrimination programs intended produce merit based systems President Donald Trump implemented anti executive orders
DEI,Politics,CDC Ordered to Scrub Website of Words Like Transgender and LGBT,employee spoke with Gizmodo about unprecedented changes
DEI,Politics,NASA Removes Employee Pronouns Following Trump s Executive Order Report Claims,space agency working comply with executive order targeting diversity inclusion federal agencies
DEI,Politics,Gov Braun closes DEI office mandates return to work in slew of executive orders,None
DEI,Politics,Trump was challenged after blaming DEI for the DC plane crash Here s what he said,President Donald Trump began White House briefing Thursday with moment silence prayer victims Wednesday crash Reagan National
DEI,Politics,No foundation for a statement like that Aviation expert reacts to Trump s DEI comments,None
DEI,Politics,Gov Greg Abbott threatens Texas A M president s job over claim that university broke DEI ban,None
DEI,Politics,Vatican says sanctions still in effect against Opus Dei cardinal following sex abuse allegations,None
DEI,Politics,Beyonc Proves That Winning Is The Best Form of Activism,John Hope Bryant argues that Beyonc history making Grammy demonstrates influence ownership even more powerful than
DEI,Politics,Why right wing influencers are blaming the California wildfires on diversity efforts,Prominent right wing influencers claiming that response Angeles wildfires hampered workplace diversity policies part wider strategy discredit those policies
DEI,Politics,Federal Agencies Begin Removing DEI Guidance From Websites in Trump Crackdown,Several federal agencies have begun removing resources underrepresented Americans from their webpages following President Donald Trump executive order cracking down diversity equity inclusion initiatives
DEI,Politics,The Global Far Right Is Celebrating Trump s New World Order,right lawmakers extremist influencers world over celebrating Trump early days office advocating similar efforts their countries
DEI,Politics,I m an Army vet with my dream job at the VA I feel targeted by anti DEI efforts and the new buyout offer but I won t quit,Army veteran dream Trump buyout offer federal workers going make resign Here
DEI,Politics,The Real Goal of Trump s Emails Ordering Federal Employees to Narc on DEI Sympathizers,emails were greeted with dropping horror their recipients
DEI,Politics,Trump to sign order eliminating DEI from military,president also will reinstate servicemembers were discharged refusing Covid vaccines
DEI,Politics,A Fox News Host Went After Her Colleagues On Air After They Blamed DEI For The LA Wildfires,None
DEI,Politics,Trump set to dismantle DEI within federal government in first day executive action,Incoming President Donald Trump will issue executive order that would dismantle diversity equity inclusion initiatives within federal government
DEI,Politics,Firms in Trump s Stargate venture have touted DEI programs clashing with new order,President Trump announced major initiative called Stargate firms involved have policies that against goal eliminating such programs
DEI,Politics,What does Donald Trump s anti DEI executive order mean for private companies,What does President Donald Trump executive order directing federal agencies encourage private companies abandon policies mean businesses
DEI,Politics,WATCH Trump blames DEI policies for deadly DC collision without evidence,Without citing evidence president said initiatives traffic controllers under Democratic presidents were partly blame Wednesday tragic Washington collision
DEI,Politics,Paid administrative hell Some Ed Dept staff put on leave after Trump s DEI order,While specific reason given three employees told News they believe common thread among them attendance voluntary diversity training
DEI,Politics,Mark Zuckerberg Goes Mask Off and Ditches Diversity,company terminating programs latest shift away from progressive policy
DEI,Politics,DOGE now has access to NOAA s IT systems reviewing DEI program sources say,Department Government Efficiency DOGE scrutinizing National Oceanic Atmospheric Administration NOAA
DEI,Politics,Trump s DEI Purge Comes at a Cost to Indigenous Communities,President Donald Trump purge diversity initiatives affected both federal agencies institutions they fund including those that work with Indigenous communities
DEI,Politics,We re witnessing a new Mark Zuckerberg Welcome to Zuck,Meta remaking himself company image Donald Trump
DEI,Politics,Mark Zuckerberg says AI could soon do the work of Meta s midlevel engineers,Mark Zuckerberg told Rogan that Meta will eventually reach point where coding apps done
DEI,Politics,GitHub Reveals How Software Engineers Are Purging Federal Databases,project called Remove shows tweaks used remove forbidden words from database about childhood school readiness
DEI,Politics,Trump casts speculation unproven claims on DC plane crash as cause remains unknown,While cause been determined Washington plane crash President Donald Trump quick assign blame Thursday Democrats other factors
DEI,Politics,Here s why Apple is right to hold firm on its DEI policies,upcoming change presidency seen number companies make changes long standing policies fields spanning content moderation policies reported Friday however Apple holding firm Diversity Equity
DEI,Politics,Black boxes found as officials examine staffing shortage in DC plane crash,fatal collision between passenger plane military helicopter expected have killed involved
DEI,Politics,Someone at Activision is leaking Slack screenshots to right wing X users,right users formerly Twitter singling individual Activision Blizzard employees comments made support inclusion company
DEI,Politics,New FTC Chair Fighting DEI Cuts Off Public Comments on Surveillance Pricing,Commissioner Alvaro Bedoya offered scathing dissenting opinion agency guidelines
DEI,Politics,Trump Blames DEI for Plane Crash That Killed in Ridiculous Press Conference,Trump provided evidence said common sense crash caused diversity hiring
DEI,Politics,Video game publishers are starting to use anti DEI as a marketing meme,Following Republican victory elections several companies have experimented with pivoting away from Diversity Ethics Inclusion collection employment practices aimed challenging bias prejudice workplace Faceboo
DEI,Politics,The NFL is removing End Racism from its Super Bowl end zone,Here what decision America favorite sports league tells about anticipatory obedience
DEI,Politics,Trump has issued a number of orders affecting the military Here s what they do,President Trump signed number executive orders Monday night aimed military Here breakdown what signed
DEI,Politics,Meta CEO Mark Zuckerberg says the company will be cutting low performers faster as a way to raise the bar,Meta chief wrote post Workplace company internal forum that company will doing more extensive performance based cuts
DEI,Politics,The White House has temporarily frozen all federal grants and loans affecting billions of dollars in payments,called federal agencies ensure that their grants programs aligned with Trump administration priorities
DEI,Politics,Trump to declare national emergency at US Mexico border in flurry of day one orders,incoming president plans sign many executive orders administration begins
DEI,Politics,Trump has a message to CEOs Build in America or pay up,Trump clear message business leaders address World Economic Forum
DEI,Politics,When DEI Fails Is Diversity Just a Marketing Gimmick,initiatives promise transformative change creative industries often devolve into performative actions that undermine trust stifle innovation
DEI,Politics,Trump baselessly blames D C plane crash that killed on DEI and Biden,None
DEI,Politics,Apple fights back against shareholders who want to end DEI hiring,Ahead annual shareholders meeting Apple asked investors vote against proposal that company should abandon diversity hiring practices Apple ParkApple shareholders meeting February ever will regular
DEI,Politics,A Davos download on everything we heard and saw during a busy week in the Alps,this Sunday edition Today bringing highlights from World Economic Forum Davos Switzerland
DEI,Politics,People with intellectual disabilities do lots of jobs but they don t direct air traffic,After fatal crash over Potomac River President says diversity hiring made skies unsafe that disability hiring works
DEI,Politics,Apple opposes investor calls to end its DEI efforts We strive to create a culture of belonging,Apple filed annual proxy report shareholders today ahead annual shareholders meeting next month report reveals information Cook compensation calls shareholders vote against proposal diversity
DEI,Politics,NASA s Women In Leadership Latest Victim Of Trump DEI Purge,first weeks second Trump presidency have been marked flurry often illegal executive orders frequently centered around removal diversity equity inclusion language from anywhere Presidency touch that mandate
DEI,Politics,Trump Blames DEI Initiatives For Deadly Washington Plane Crash,passenger plane collided with military helicopter skies above Washington Wednesday Trump administration already using disaster political clout press conference Thursday brief reporters state search
DEI,Politics,What Happens to Student Loans and Financial Aid During Trump s Federal Funding Freeze,federal pause does affect federal student loans Pell Grants impact other student programs remains unclear
DEI,Politics,Trump orders interim NASA chief to end DEI initiatives,NASA employees received memo from acting agency administrator Janet Petro Wednesday mandating closure diversity equity inclusion accessibility initiatives contracts
DEI,Politics,Mark Zuckerberg and Sheryl Sandberg want you to know they re still friends and definitely not mad at each other,Thursday York Times published lengthy story about rise power Stephen Miller longtime loyalist Donald Trump known hardline views immigration Normally story like that wouldn much attention tech press